No,Location,CropName,Link,Path,Image ,imageurl
1,Global,Alfalfa ,https://www.mapmycrop.com/alfalfa-crop-guide/,https://crop-guides-app.s3.ap-south-1.amazonaws.com,Alfalfa.png ,https://crop-guides-app.s3.ap-south-1.amazonaws.com/Alfalfa.png 
2,Global,Banana ,https://www.mapmycrop.com/banana-crop-guide/,https://crop-guides-app.s3.ap-south-1.amazonaws.com,Banana.png,https://crop-guides-app.s3.ap-south-1.amazonaws.com/Banana.png
3,Global,Bean ,https://www.mapmycrop.com/bean-crop-guide/,https://crop-guides-app.s3.ap-south-1.amazonaws.com,beana.jpg,https://crop-guides-app.s3.ap-south-1.amazonaws.com/beana.jpg
4,Global,Bilimbi,https://www.mapmycrop.com/bilimbi-crop-guideguide/,https://crop-guides-app.s3.ap-south-1.amazonaws.com,biliibi12.jpg,https://crop-guides-app.s3.ap-south-1.amazonaws.com/biliibi12.jpg
5,Global,Citrus foott,https://www.mapmycrop.com/citrus-crop-guide/,https://crop-guides-app.s3.ap-south-1.amazonaws.com,citrus.png,https://crop-guides-app.s3.ap-south-1.amazonaws.com/citrus.png
6,Global,Cotton ,https://www.mapmycrop.com/cotton-crop-guide/,https://crop-guides-app.s3.ap-south-1.amazonaws.com,cotton.png,https://crop-guides-app.s3.ap-south-1.amazonaws.com/cotton.png
7,Global,Grape ,https://www.mapmycrop.com/grape-crop-guide/,https://crop-guides-app.s3.ap-south-1.amazonaws.com,Grapes.png,https://crop-guides-app.s3.ap-south-1.amazonaws.com/Grapes.png
8,Global,Groundnut ,https://www.mapmycrop.com/groundnut-crop-guide/,https://crop-guides-app.s3.ap-south-1.amazonaws.com,Groundnut.png,https://crop-guides-app.s3.ap-south-1.amazonaws.com/Groundnut.png
9,Global,Maize ,https://www.mapmycrop.com/maize-crop-guide/,https://crop-guides-app.s3.ap-south-1.amazonaws.com,Maize.png,https://crop-guides-app.s3.ap-south-1.amazonaws.com/Maize.png
10,Global,Mandarin Orange ,https://www.mapmycrop.com/mandarin-orange-citrus-reticulata-blanco-rutaceae-crop-guide/,https://crop-guides-app.s3.ap-south-1.amazonaws.com,Mandarin.png,https://crop-guides-app.s3.ap-south-1.amazonaws.com/Mandarin.png
11,Global,Olive ,https://www.mapmycrop.com/olive-crop-guide/,https://crop-guides-app.s3.ap-south-1.amazonaws.com,Olives.png,https://crop-guides-app.s3.ap-south-1.amazonaws.com/Olives.png
12,Global,Onion ,https://www.mapmycrop.com/onion/,https://crop-guides-app.s3.ap-south-1.amazonaws.com,Onion.png,https://crop-guides-app.s3.ap-south-1.amazonaws.com/Onion.png
13,Global,Pea ,https://www.mapmycrop.com/pea-crop-guide/,https://crop-guides-app.s3.ap-south-1.amazonaws.com,Peas.png,https://crop-guides-app.s3.ap-south-1.amazonaws.com/Peas.png
14,Global,Pepper ,https://www.mapmycrop.com/pepper-crop-guide/,https://crop-guides-app.s3.ap-south-1.amazonaws.com,pepper.jpg,https://crop-guides-app.s3.ap-south-1.amazonaws.com/pepper.jpg
15,Global,Pineapple ,https://www.mapmycrop.com/pineapple-crop-guide/,https://crop-guides-app.s3.ap-south-1.amazonaws.com,Pineapple.png,https://crop-guides-app.s3.ap-south-1.amazonaws.com/Pineapple.png
16,Global,Potato ,https://www.mapmycrop.com/potato-crop-guide/,https://crop-guides-app.s3.ap-south-1.amazonaws.com,Potatoes.png,https://crop-guides-app.s3.ap-south-1.amazonaws.com/Potatoes.png
17,Global,Safflower ,https://www.mapmycrop.com/safflower-crop-guide/,https://crop-guides-app.s3.ap-south-1.amazonaws.com,Safflower.jpg,https://crop-guides-app.s3.ap-south-1.amazonaws.com/Safflower.jpg
18,Global,Soybean ,https://www.mapmycrop.com/soybean-crop-guide/,https://crop-guides-app.s3.ap-south-1.amazonaws.com,Soybeans.png,https://crop-guides-app.s3.ap-south-1.amazonaws.com/Soybeans.png
19,Global,Sugarbeet ,https://www.mapmycrop.com/sugarbeet-crop-guide-duplicate-7236/,https://crop-guides-app.s3.ap-south-1.amazonaws.com,Sugar Beet.png,https://crop-guides-app.s3.ap-south-1.amazonaws.com/Sugar Beet.png
20,Global,Sugarcane ,https://www.mapmycrop.com/sugarcane-crop-guide/,https://crop-guides-app.s3.ap-south-1.amazonaws.com,Sugarcane.png,https://crop-guides-app.s3.ap-south-1.amazonaws.com/Sugarcane.png
21,Global,Sunflower ,https://www.mapmycrop.com/sunflower-crop-guide/,https://crop-guides-app.s3.ap-south-1.amazonaws.com,Sunflower.png,https://crop-guides-app.s3.ap-south-1.amazonaws.com/Sunflower.png
22,Global,Tobacco ,https://www.mapmycrop.com/tobacco-crop-guide/,https://crop-guides-app.s3.ap-south-1.amazonaws.com,Tobacco.jpg,https://crop-guides-app.s3.ap-south-1.amazonaws.com/Tobacco.jpg
23,Global,Tomato ,https://www.mapmycrop.com/tomato-crop-guide/,https://crop-guides-app.s3.ap-south-1.amazonaws.com,Tomato.png,https://crop-guides-app.s3.ap-south-1.amazonaws.com/Tomato.png
24,Global,Watermelon ,https://www.mapmycrop.com/watermelon-crop-guide/,https://crop-guides-app.s3.ap-south-1.amazonaws.com,Watermelon.png,https://crop-guides-app.s3.ap-south-1.amazonaws.com/Watermelon.png
25,Global,Wheat ,https://www.mapmycrop.com/sorghum-crop-guide-duplicate-7105-duplicate-7162/,https://crop-guides-app.s3.ap-south-1.amazonaws.com,Wheat.png,https://crop-guides-app.s3.ap-south-1.amazonaws.com/Wheat.png
26,India, Jamaica pepper,https://www.mapmycrop.com/allspice-crop-guideindia/,https://crop-guides-app.s3.ap-south-1.amazonaws.com,allspice.jpeg,https://crop-guides-app.s3.ap-south-1.amazonaws.com/allspice.jpeg
27,India,Acid Lime,https://www.mapmycrop.com/acid-lime-crop-guide/,https://crop-guides-app.s3.ap-south-1.amazonaws.com,AcidLime.png,https://crop-guides-app.s3.ap-south-1.amazonaws.com/AcidLime.png
28,India, Sweet Flag,https://www.mapmycrop.com/acorus-calamus-vasambu-crop-guideindia/,https://crop-guides-app.s3.ap-south-1.amazonaws.com,51hSJkusAfL.jpg,https://crop-guides-app.s3.ap-south-1.amazonaws.com/51hSJkusAfL.jpg
29,India,Aloe vera ,https://www.mapmycrop.com/aloe-vera-katralai-crop-guideindia/,https://crop-guides-app.s3.ap-south-1.amazonaws.com,Aloevera.png,https://crop-guides-app.s3.ap-south-1.amazonaws.com/Aloevera.png
30,India,Alpinia ,https://www.mapmycrop.com/alpinia-galangal-perarathai-crop-guideindia/,https://crop-guides-app.s3.ap-south-1.amazonaws.com,Kulanjan.jpg,https://crop-guides-app.s3.ap-south-1.amazonaws.com/Kulanjan.jpg
31,India,"Amaranthus",https://www.mapmycrop.com/amaranthus-crop-guideindia/,https://crop-guides-app.s3.ap-south-1.amazonaws.com,amarnath.jpg,https://crop-guides-app.s3.ap-south-1.amazonaws.com/amarnath.jpg
32,India,Ber ,https://www.mapmycrop.com/ber-crop-guide/,https://crop-guides-app.s3.ap-south-1.amazonaws.com,amla.jpg,https://crop-guides-app.s3.ap-south-1.amazonaws.com/amla.jpg
33,India,green chiretta,https://www.mapmycrop.com/andrographis-paniculata-nilavenbu-crop-guideindia/,https://crop-guides-app.s3.ap-south-1.amazonaws.com,Green-chiretta.jpg,https://crop-guides-app.s3.ap-south-1.amazonaws.com/Green-chiretta.jpg
34,India, Custard Apple,https://www.mapmycrop.com/west-indian-cherry-crop-guideindia/,https://crop-guides-app.s3.ap-south-1.amazonaws.com,Custurdapple.png,https://crop-guides-app.s3.ap-south-1.amazonaws.com/Custurdapple.png
35,India,Moringa ,https://www.mapmycrop.com/annual-moringa-crop-guideindia/,https://crop-guides-app.s3.ap-south-1.amazonaws.com,Moringa.jpg,https://crop-guides-app.s3.ap-south-1.amazonaws.com/Moringa.jpg
36,India,Anthurium ,https://www.mapmycrop.com/anthurium-crop-guideindia/,https://crop-guides-app.s3.ap-south-1.amazonaws.com,Flamingo.jpeg,https://crop-guides-app.s3.ap-south-1.amazonaws.com/Flamingo.jpeg
37,India,Apple,https://www.mapmycrop.com/apple-crop-guideindia/,https://crop-guides-app.s3.ap-south-1.amazonaws.com,Apple.png,https://crop-guides-app.s3.ap-south-1.amazonaws.com/Apple.png
38,India,Apricot ,https://www.mapmycrop.com/apricot-crop-guideindia/,https://crop-guides-app.s3.ap-south-1.amazonaws.com,apricot.jpg,https://crop-guides-app.s3.ap-south-1.amazonaws.com/apricot.jpg
39,India,Areca nut  ,https://www.mapmycrop.com/arecanut-crop-guideindia/,https://crop-guides-app.s3.ap-south-1.amazonaws.com,Areca.png,https://crop-guides-app.s3.ap-south-1.amazonaws.com/Areca.png
40,India,Ash Gourd,https://www.mapmycrop.com/ash-gourd-crop-guideindia/,https://crop-guides-app.s3.ap-south-1.amazonaws.com,ashgr.jpg,https://crop-guides-app.s3.ap-south-1.amazonaws.com/ashgr.jpg
41,India,Asparagus,https://www.mapmycrop.com/asparagus-crop-guideindia/,https://crop-guides-app.s3.ap-south-1.amazonaws.com,aspergus.png,https://crop-guides-app.s3.ap-south-1.amazonaws.com/aspergus.png
42,India,Asparagus ,https://www.mapmycrop.com/asparagus-racemosus-shatavri-crop-guideindia/,https://crop-guides-app.s3.ap-south-1.amazonaws.com,aspergus.png,https://crop-guides-app.s3.ap-south-1.amazonaws.com/aspergus.png
43,India,Avocado,https://www.mapmycrop.com/avocado-crop-guideindia/,https://crop-guides-app.s3.ap-south-1.amazonaws.com,Avocado.png,https://crop-guides-app.s3.ap-south-1.amazonaws.com/Avocado.png
44,India,Baby Corn,https://www.mapmycrop.com/baby-corn-crop-guideindia/,https://crop-guides-app.s3.ap-south-1.amazonaws.com,Maize.png,https://crop-guides-app.s3.ap-south-1.amazonaws.com/Maize.png
45,India,Banana ,https://www.mapmycrop.com/banana-crop-guideindia/,https://crop-guides-app.s3.ap-south-1.amazonaws.com,Banana.png,https://crop-guides-app.s3.ap-south-1.amazonaws.com/Banana.png
46,India,Basella,https://www.mapmycrop.com/basella-crop-guideindia/,https://crop-guides-app.s3.ap-south-1.amazonaws.com,basella.png,https://crop-guides-app.s3.ap-south-1.amazonaws.com/basella.png
47,India,Beetroot e,https://www.mapmycrop.com/beetroot-crop-guideindia/,https://crop-guides-app.s3.ap-south-1.amazonaws.com,Beetroot.png,https://crop-guides-app.s3.ap-south-1.amazonaws.com/Beetroot.png
48,India,Ber ,https://www.mapmycrop.com/ber-crop-guide-2/,https://crop-guides-app.s3.ap-south-1.amazonaws.com,Indian-jujube.jpg,https://crop-guides-app.s3.ap-south-1.amazonaws.com/Indian-jujube.jpg
49,India, Betelvine,https://www.mapmycrop.com/betelvine-crop-guideindia/,https://crop-guides-app.s3.ap-south-1.amazonaws.com,Paan.jpg,https://crop-guides-app.s3.ap-south-1.amazonaws.com/Paan.jpg
50,India,Bhendi  ,https://www.mapmycrop.com/bhendi-crop-guideindia/,https://crop-guides-app.s3.ap-south-1.amazonaws.com,Okra.png,https://crop-guides-app.s3.ap-south-1.amazonaws.com/Okra.png
51,India,Bitter Gourd,https://www.mapmycrop.com/ribbed-gourd-crop-guideindia/,https://crop-guides-app.s3.ap-south-1.amazonaws.com,BG.jpg,https://crop-guides-app.s3.ap-south-1.amazonaws.com/BG.jpg
52,India,Achiote,https://www.mapmycrop.com/bixa-sembaruthi-crop-guideindia/,https://crop-guides-app.s3.ap-south-1.amazonaws.com,achiote.jpg,https://crop-guides-app.s3.ap-south-1.amazonaws.com/achiote.jpg
53,India,Bottle Gourd,https://www.mapmycrop.com/bottle-gourd-crop-guideindia-2/,https://crop-guides-app.s3.ap-south-1.amazonaws.com,Gourd,https://crop-guides-app.s3.ap-south-1.amazonaws.com/Gourd
54,India,Breadfruit,https://www.mapmycrop.com/breadfruit-crop-guideindia/,https://crop-guides-app.s3.ap-south-1.amazonaws.com,BD.jpeg,https://crop-guides-app.s3.ap-south-1.amazonaws.com/BD.jpeg
55,India,Breadfruit minor,https://www.mapmycrop.com/breadfruitminor-vegetable-crop-guideindia/,https://crop-guides-app.s3.ap-south-1.amazonaws.com,breadfruit.jpg,https://crop-guides-app.s3.ap-south-1.amazonaws.com/breadfruit.jpg
56,India,Brinjal,https://www.mapmycrop.com/brinjal-crop-guideindia/,https://crop-guides-app.s3.ap-south-1.amazonaws.com,Brinjal.png,https://crop-guides-app.s3.ap-south-1.amazonaws.com/Brinjal.png
57,India,Brinjal ,https://www.mapmycrop.com/brinjal-grafting-technologyindia/,https://crop-guides-app.s3.ap-south-1.amazonaws.com,Brinjal.png,https://crop-guides-app.s3.ap-south-1.amazonaws.com/Brinjal.png
58,India,Broad bean,https://www.mapmycrop.com/broad-bean-crop-guideindia/,https://crop-guides-app.s3.ap-south-1.amazonaws.com,lablab.png,https://crop-guides-app.s3.ap-south-1.amazonaws.com/lablab.png
59,India,Brussels Sprout,https://www.mapmycrop.com/brussels-sprout-crop-guideindia/,https://crop-guides-app.s3.ap-south-1.amazonaws.com,Cabbage.png ,https://crop-guides-app.s3.ap-south-1.amazonaws.com/Cabbage.png 
60,India,Bush Pepper,https://www.mapmycrop.com/bush-pepper-crop-guideindia/,https://crop-guides-app.s3.ap-south-1.amazonaws.com,peppernigrum.png,https://crop-guides-app.s3.ap-south-1.amazonaws.com/peppernigrum.png
61,India,Butter Bean,https://www.mapmycrop.com/butter-bean-crop-guideindia/,https://crop-guides-app.s3.ap-south-1.amazonaws.com,limabeansvegetables.png,https://crop-guides-app.s3.ap-south-1.amazonaws.com/limabeansvegetables.png
62,India,Sugarbeet Cabbage,https://www.mapmycrop.com/sugarbeet-crop-guide/,https://crop-guides-app.s3.ap-south-1.amazonaws.com,Cabbage.png ,https://crop-guides-app.s3.ap-south-1.amazonaws.com/Cabbage.png 
63,India,Cabbage,https://www.mapmycrop.com/cabbage-crop-guideindia-duplicate/,https://crop-guides-app.s3.ap-south-1.amazonaws.com,Cabbage.png ,https://crop-guides-app.s3.ap-south-1.amazonaws.com/Cabbage.png 
64,India,Capsicum,https://www.mapmycrop.com/capsicum-crop-guideindia/,https://crop-guides-app.s3.ap-south-1.amazonaws.com,Capsicum.png ,https://crop-guides-app.s3.ap-south-1.amazonaws.com/Capsicum.png 
65,India,Carambola,https://www.mapmycrop.com/carambola-crop-guideindia/,https://crop-guides-app.s3.ap-south-1.amazonaws.com,Carambola Star Fruit.png,https://crop-guides-app.s3.ap-south-1.amazonaws.com/Carambola Star Fruit.png
66,India,Cardamom,https://www.mapmycrop.com/cardamom-crop-guideindia-duplicate-7758/,https://crop-guides-app.s3.ap-south-1.amazonaws.com,Cardamom.png ,https://crop-guides-app.s3.ap-south-1.amazonaws.com/Cardamom.png 
67,India,Carnation ,https://www.mapmycrop.com/carnation-crop-guideindia/,https://crop-guides-app.s3.ap-south-1.amazonaws.com,Carnation.png,https://crop-guides-app.s3.ap-south-1.amazonaws.com/Carnation.png
68,India,Carrot,https://www.mapmycrop.com/carrot-crop-guideindia/,https://crop-guides-app.s3.ap-south-1.amazonaws.com,Carrot.png ,https://crop-guides-app.s3.ap-south-1.amazonaws.com/Carrot.png 
69,India,Cashew,https://www.mapmycrop.com/cashew-crop-guideindia/,https://crop-guides-app.s3.ap-south-1.amazonaws.com,Cashew.png ,https://crop-guides-app.s3.ap-south-1.amazonaws.com/Cashew.png 
70,India,Cauliflower,https://www.mapmycrop.com/cauliflower-crop-guideindia/,https://crop-guides-app.s3.ap-south-1.amazonaws.com,Cauliflower.png ,https://crop-guides-app.s3.ap-south-1.amazonaws.com/Cauliflower.png 
71,India,Celery,https://www.mapmycrop.com/celery-crop-guideindia/,https://crop-guides-app.s3.ap-south-1.amazonaws.com,celery.jpg,https://crop-guides-app.s3.ap-south-1.amazonaws.com/celery.jpg
72,India,Centella Asiatica,https://www.mapmycrop.com/centella-asiatica-vallarai-crop-guideindia/,https://crop-guides-app.s3.ap-south-1.amazonaws.com,gotu.jpg,https://crop-guides-app.s3.ap-south-1.amazonaws.com/gotu.jpg
73,India,Ceylon Spinach,https://www.mapmycrop.com/ceylon-spinach-crop-guideindia/,https://crop-guides-app.s3.ap-south-1.amazonaws.com,CeylonSpinach.png ,https://crop-guides-app.s3.ap-south-1.amazonaws.com/CeylonSpinach.png 
74,India,Chakravathi keerai,https://www.mapmycrop.com/chakravathi-keerai-crop-guideindia/,https://crop-guides-app.s3.ap-south-1.amazonaws.com,Chakravathi.jpg,https://crop-guides-app.s3.ap-south-1.amazonaws.com/Chakravathi.jpg
75,India,Chinese Aster,https://www.mapmycrop.com/chekurmanis-crop-guideindia/,https://crop-guides-app.s3.ap-south-1.amazonaws.com,chineseaster.jpeg,https://crop-guides-app.s3.ap-south-1.amazonaws.com/chineseaster.jpeg
76,India,Chilli ,https://www.mapmycrop.com/bhendi-crop-guideindia-duplicate-7476/,https://crop-guides-app.s3.ap-south-1.amazonaws.com,Chilli.png,https://crop-guides-app.s3.ap-south-1.amazonaws.com/Chilli.png
77,India,China Aster ,https://www.mapmycrop.com/china-aster-crop-guideindia/,https://crop-guides-app.s3.ap-south-1.amazonaws.com,ChinaAster.png,https://crop-guides-app.s3.ap-south-1.amazonaws.com/ChinaAster.png
78,India,Chinese Cabbage,https://www.mapmycrop.com/chinese-cabbage-crop-guideindia/,https://crop-guides-app.s3.ap-south-1.amazonaws.com,ChineseBBAGE.png,https://crop-guides-app.s3.ap-south-1.amazonaws.com/ChineseBBAGE.png
79,India,Chinese Potato,https://www.mapmycrop.com/chinese-potato-crop-guideindia/,https://crop-guides-app.s3.ap-south-1.amazonaws.com,chinesepotato.jpg,https://crop-guides-app.s3.ap-south-1.amazonaws.com/chinesepotato.jpg
80,India,Musli,https://www.mapmycrop.com/chlorophytum-borivilianum-musli-crop-guideindia/,https://crop-guides-app.s3.ap-south-1.amazonaws.com,Musli.jpg,https://crop-guides-app.s3.ap-south-1.amazonaws.com/Musli.jpg
81,India,Chow chow ,https://www.mapmycrop.com/chow-chow-crop-guideindia/,https://crop-guides-app.s3.ap-south-1.amazonaws.com,chowchow.jpg,https://crop-guides-app.s3.ap-south-1.amazonaws.com/chowchow.jpg
82,India,Guldaudi,https://www.mapmycrop.com/chrysanthemum-crop-guideindia/,https://crop-guides-app.s3.ap-south-1.amazonaws.com,Guldaudi.jpeg,https://crop-guides-app.s3.ap-south-1.amazonaws.com/Guldaudi.jpeg
83,India,Cinnamon,https://www.mapmycrop.com/cinnamon-crop-guideindia/,https://crop-guides-app.s3.ap-south-1.amazonaws.com,Cinamon.png,https://crop-guides-app.s3.ap-south-1.amazonaws.com/Cinamon.png
84,India,Citronella ,https://www.mapmycrop.com/citronella-crop-guideindia/,https://crop-guides-app.s3.ap-south-1.amazonaws.com,citronella.png ,https://crop-guides-app.s3.ap-south-1.amazonaws.com/citronella.png 
85,India,Clove,https://www.mapmycrop.com/clove-crop-guideindia/,https://crop-guides-app.s3.ap-south-1.amazonaws.com,cloves.png,https://crop-guides-app.s3.ap-south-1.amazonaws.com/cloves.png
86,India,Cluster bean,https://www.mapmycrop.com/tinda-crop-guideindia/,https://crop-guides-app.s3.ap-south-1.amazonaws.com,clusterbean.png ,https://crop-guides-app.s3.ap-south-1.amazonaws.com/clusterbean.png 
87,India,Kundru  ,https://www.mapmycrop.com/coccinia-crop-guideindia/,https://crop-guides-app.s3.ap-south-1.amazonaws.com,kundru.jpg,https://crop-guides-app.s3.ap-south-1.amazonaws.com/kundru.jpg
88,India,Cocoa ,https://www.mapmycrop.com/cocoa-crop-guideindia/,https://crop-guides-app.s3.ap-south-1.amazonaws.com,cocoa.png,https://crop-guides-app.s3.ap-south-1.amazonaws.com/cocoa.png
89,India,Coconut,https://www.mapmycrop.com/coconut-crop-guideindia/,https://crop-guides-app.s3.ap-south-1.amazonaws.com,Coconut.png ,https://crop-guides-app.s3.ap-south-1.amazonaws.com/Coconut.png 
90,India,Coffee ,https://www.mapmycrop.com/coffee-crop-guideindia/,https://crop-guides-app.s3.ap-south-1.amazonaws.com,coffee.png,https://crop-guides-app.s3.ap-south-1.amazonaws.com/coffee.png
91,India,Coleus ,https://www.mapmycrop.com/coleus-crop-guideindia/,https://crop-guides-app.s3.ap-south-1.amazonaws.com,lavendula.png ,https://crop-guides-app.s3.ap-south-1.amazonaws.com/lavendula.png 
92,India,Guggal,https://www.mapmycrop.com/commiphora-wightii-guggal-crop-guideindia/,https://crop-guides-app.s3.ap-south-1.amazonaws.com,macro.png,https://crop-guides-app.s3.ap-south-1.amazonaws.com/macro.png
93,India,Coriander ,https://www.mapmycrop.com/coriander-crop-guideindia/,https://crop-guides-app.s3.ap-south-1.amazonaws.com,coriender.png ,https://crop-guides-app.s3.ap-south-1.amazonaws.com/coriender.png 
94,India,keukand ,https://www.mapmycrop.com/costus-igneus-insulin-plant-crop-guideindia/,https://crop-guides-app.s3.ap-south-1.amazonaws.com,Insulin.jpg,https://crop-guides-app.s3.ap-south-1.amazonaws.com/Insulin.jpg
95,India,Crossandra ,https://www.mapmycrop.com/crossandra-crop-guideindia/,https://crop-guides-app.s3.ap-south-1.amazonaws.com,priyadarsha.jpg,https://crop-guides-app.s3.ap-south-1.amazonaws.com/priyadarsha.jpg
96,India,Cucumber ,https://www.mapmycrop.com/cucumber-crop-guideindia/,https://crop-guides-app.s3.ap-south-1.amazonaws.com,Cucumber.png ,https://crop-guides-app.s3.ap-south-1.amazonaws.com/Cucumber.png 
97,India,Curry Leaf ,https://www.mapmycrop.com/curry-leaf-crop-guideindia/,https://crop-guides-app.s3.ap-south-1.amazonaws.com,Curryleaves.jpg,https://crop-guides-app.s3.ap-south-1.amazonaws.com/Curryleaves.jpg
98,India,Chrysanthemum ,https://www.mapmycrop.com/cut-chrysanthemum-crop-guideindia/,https://crop-guides-app.s3.ap-south-1.amazonaws.com,Chrysanthemum.jpeg,https://crop-guides-app.s3.ap-south-1.amazonaws.com/Chrysanthemum.jpeg
99,India,Cut Rose,https://www.mapmycrop.com/golden-rod-crop-guideindia-duplicate-8083/,https://crop-guides-app.s3.ap-south-1.amazonaws.com,Rose.png ,https://crop-guides-app.s3.ap-south-1.amazonaws.com/Rose.png 
100,India,Dendrobium orchid  ,https://www.mapmycrop.com/dendrobium-orchid-crop-guideindia/,https://crop-guides-app.s3.ap-south-1.amazonaws.com,Orchid10.jpg,https://crop-guides-app.s3.ap-south-1.amazonaws.com/Orchid10.jpg
101,India,Air potato ,https://www.mapmycrop.com/dioscorea-crop-guideindia/,https://crop-guides-app.s3.ap-south-1.amazonaws.com,Air-potato.jpg,https://crop-guides-app.s3.ap-south-1.amazonaws.com/Air-potato.jpg
102,India,Durian ,https://www.mapmycrop.com/durian-crop-guideindia/,https://crop-guides-app.s3.ap-south-1.amazonaws.com,Durain.jpg,https://crop-guides-app.s3.ap-south-1.amazonaws.com/Durain.jpg
103,India,Eggfruit ,https://www.mapmycrop.com/eggfruit-crop-guideindia/,https://crop-guides-app.s3.ap-south-1.amazonaws.com,Eggfruit.png,https://crop-guides-app.s3.ap-south-1.amazonaws.com/Eggfruit.png
104,India,Elephant foot yam,https://www.mapmycrop.com/elephant-foot-yam-crop-guideindia/,https://crop-guides-app.s3.ap-south-1.amazonaws.com,elephantfootyam.png ,https://crop-guides-app.s3.ap-south-1.amazonaws.com/elephantfootyam.png 
105,India,Fennel  ,https://www.mapmycrop.com/fennel-crop-guideindia/,https://crop-guides-app.s3.ap-south-1.amazonaws.com,Sanuf.jpg,https://crop-guides-app.s3.ap-south-1.amazonaws.com/Sanuf.jpg
106,India,Fenugreek  ,https://www.mapmycrop.com/fenugreek-crop-guideindia/,https://crop-guides-app.s3.ap-south-1.amazonaws.com,Methi.jpg,https://crop-guides-app.s3.ap-south-1.amazonaws.com/Methi.jpg
107,India,Fig,https://www.mapmycrop.com/fig-crop-guideindia/,https://crop-guides-app.s3.ap-south-1.amazonaws.com,fig.png ,https://crop-guides-app.s3.ap-south-1.amazonaws.com/fig.png 
108,India,Garlic ,https://www.mapmycrop.com/garlic-crop-guideindia/,https://crop-guides-app.s3.ap-south-1.amazonaws.com,garlic.png ,https://crop-guides-app.s3.ap-south-1.amazonaws.com/garlic.png 
109,India,Geranium ,https://www.mapmycrop.com/geranium-crop-guideindia/,https://crop-guides-app.s3.ap-south-1.amazonaws.com,geranium.png ,https://crop-guides-app.s3.ap-south-1.amazonaws.com/geranium.png 
110,India,Barberton daisy,https://www.mapmycrop.com/gerbera-crop-guideindia/,https://crop-guides-app.s3.ap-south-1.amazonaws.com,gerbera.png ,https://crop-guides-app.s3.ap-south-1.amazonaws.com/gerbera.png 
111,India, Cucurbits,https://www.mapmycrop.com/gherkin-crop-guideindia/,https://crop-guides-app.s3.ap-south-1.amazonaws.com,gherkin.png,https://crop-guides-app.s3.ap-south-1.amazonaws.com/gherkin.png
112,India,Ginger  ,https://www.mapmycrop.com/ginger-crop-guideindia/,https://crop-guides-app.s3.ap-south-1.amazonaws.com,ginger.png ,https://crop-guides-app.s3.ap-south-1.amazonaws.com/ginger.png 
113,India,Gladiolus  ,https://www.mapmycrop.com/gladiolus-crop-guideindia/,https://crop-guides-app.s3.ap-south-1.amazonaws.com,gladilus.png ,https://crop-guides-app.s3.ap-south-1.amazonaws.com/gladilus.png 
114,India,Flame lily,https://www.mapmycrop.com/glory-lily-crop-guideindia/,https://crop-guides-app.s3.ap-south-1.amazonaws.com,glorylily.png,https://crop-guides-app.s3.ap-south-1.amazonaws.com/glorylily.png
115,India,Liquorice ,https://www.mapmycrop.com/glycyrrhiza-glabra-liquorice-crop-guideindia/,https://crop-guides-app.s3.ap-south-1.amazonaws.com,licorie.jpg,https://crop-guides-app.s3.ap-south-1.amazonaws.com/licorie.jpg
116,India,Golden Rod ,https://www.mapmycrop.com/golden-rod-crop-guideindia/,https://crop-guides-app.s3.ap-south-1.amazonaws.com,Goldenrod.png,https://crop-guides-app.s3.ap-south-1.amazonaws.com/Goldenrod.png
117,India,Grapes,https://www.mapmycrop.com/grapes-crop-guideindia/,https://crop-guides-app.s3.ap-south-1.amazonaws.com,TableGrapes.png,https://crop-guides-app.s3.ap-south-1.amazonaws.com/TableGrapes.png
118,India,Guava,https://www.mapmycrop.com/guava-crop-guide/,https://crop-guides-app.s3.ap-south-1.amazonaws.com,guava.png ,https://crop-guides-app.s3.ap-south-1.amazonaws.com/guava.png 
119,India,Gurmar,https://www.mapmycrop.com/gymnema-sylvestre-sarkarai-kolli-crop-guideindia/,https://crop-guides-app.s3.ap-south-1.amazonaws.com,Gurmar.jpg,https://crop-guides-app.s3.ap-south-1.amazonaws.com/Gurmar.jpg
120,India,Hibiscus  ,https://www.mapmycrop.com/hibiscus-rosasinensis-sembaruthi-crop-guideindia/,https://crop-guides-app.s3.ap-south-1.amazonaws.com,hibiscus.png ,https://crop-guides-app.s3.ap-south-1.amazonaws.com/hibiscus.png 
121,India,Jack Fruit,https://www.mapmycrop.com/jack-crop-guide/,https://crop-guides-app.s3.ap-south-1.amazonaws.com,Jackfruit.jpg,https://crop-guides-app.s3.ap-south-1.amazonaws.com/Jackfruit.jpg
122,India,Jamun,https://www.mapmycrop.com/jamun-crop-guideindia/,https://crop-guides-app.s3.ap-south-1.amazonaws.com,Jamun.jpg,https://crop-guides-app.s3.ap-south-1.amazonaws.com/Jamun.jpg
123,India,Jathi Malli  ,https://www.mapmycrop.com/jathi-malli-crop-guideindia/,https://crop-guides-app.s3.ap-south-1.amazonaws.com,Chameli.jpg,https://crop-guides-app.s3.ap-south-1.amazonaws.com/Chameli.jpg
124,India,Karonda ,https://www.mapmycrop.com/karonda-crop-guideindia/,https://crop-guides-app.s3.ap-south-1.amazonaws.com,Karonda.png ,https://crop-guides-app.s3.ap-south-1.amazonaws.com/Karonda.png 
125,India,Kiwi,https://www.mapmycrop.com/kiwi-crop-guideindia/,https://crop-guides-app.s3.ap-south-1.amazonaws.com,Kiwi.png ,https://crop-guides-app.s3.ap-south-1.amazonaws.com/Kiwi.png 
126,India,Knol-khol ,https://www.mapmycrop.com/knol-khol-crop-guideindia/,https://crop-guides-app.s3.ap-south-1.amazonaws.com,knol khol.png ,https://crop-guides-app.s3.ap-south-1.amazonaws.com/knol khol.png 
127,India,Indian Bean,https://www.mapmycrop.com/lab-lab-or-dolichos-bean-crop-guideindia-duplicate-7570/,https://crop-guides-app.s3.ap-south-1.amazonaws.com,lab lab.png ,https://crop-guides-app.s3.ap-south-1.amazonaws.com/lab lab.png 
128,India,Lavender,https://www.mapmycrop.com/lavendula-officinalis-lavender-crop-guideindia/,https://crop-guides-app.s3.ap-south-1.amazonaws.com,Lavender.png ,https://crop-guides-app.s3.ap-south-1.amazonaws.com/Lavender.png 
129,India,Lemon,https://www.mapmycrop.com/lemon-crop-guideindia/,https://crop-guides-app.s3.ap-south-1.amazonaws.com,limes.png ,https://crop-guides-app.s3.ap-south-1.amazonaws.com/limes.png 
130,India,Lemon Grass,https://www.mapmycrop.com/lemon-grass-crop-guideindia/,https://crop-guides-app.s3.ap-south-1.amazonaws.com,Leomgrass.png ,https://crop-guides-app.s3.ap-south-1.amazonaws.com/Leomgrass.png 
131,India,Lettuce,https://www.mapmycrop.com/lettuce-crop-guideindia/,https://crop-guides-app.s3.ap-south-1.amazonaws.com,Lettuce.png ,https://crop-guides-app.s3.ap-south-1.amazonaws.com/Lettuce.png 
132,India,Lily Flower,https://www.mapmycrop.com/lilium-crop-guideindia/,https://crop-guides-app.s3.ap-south-1.amazonaws.com,lilium.png ,https://crop-guides-app.s3.ap-south-1.amazonaws.com/lilium.png 
133,India,Litchi,https://www.mapmycrop.com/litchi-crop-guideindia/,https://crop-guides-app.s3.ap-south-1.amazonaws.com,lithchi.png ,https://crop-guides-app.s3.ap-south-1.amazonaws.com/lithchi.png 
134,India,Lukat ,https://www.mapmycrop.com/loquat-crop-guideindia/,https://crop-guides-app.s3.ap-south-1.amazonaws.com,loquat.png ,https://crop-guides-app.s3.ap-south-1.amazonaws.com/loquat.png 
135,India, Mogra,https://www.mapmycrop.com/rose-crop-guideindia-duplicate-8040/,https://crop-guides-app.s3.ap-south-1.amazonaws.com,malligai.png ,https://crop-guides-app.s3.ap-south-1.amazonaws.com/malligai.png 
136,India,Mangosteen,https://www.mapmycrop.com/mangosteen-crop-guideindia/,https://crop-guides-app.s3.ap-south-1.amazonaws.com,mangosteen.png ,https://crop-guides-app.s3.ap-south-1.amazonaws.com/mangosteen.png 
137,India,Marigold,https://www.mapmycrop.com/marigold-crop-guideindia/,https://crop-guides-app.s3.ap-south-1.amazonaws.com,marigold.png ,https://crop-guides-app.s3.ap-south-1.amazonaws.com/marigold.png 
138,India,Choti Kateri ,https://www.mapmycrop.com/medicinal-solanum-crop-guideindia/,https://crop-guides-app.s3.ap-south-1.amazonaws.com,medicinalsolanum.jpg,https://crop-guides-app.s3.ap-south-1.amazonaws.com/medicinalsolanum.jpg
139,India,Spearmint,https://www.mapmycrop.com/mint-crop-guideindia/,https://crop-guides-app.s3.ap-south-1.amazonaws.com,Spearmint.png,https://crop-guides-app.s3.ap-south-1.amazonaws.com/Spearmint.png
140,India,Mint,https://www.mapmycrop.com/mint-crop-guideindia-3/,https://crop-guides-app.s3.ap-south-1.amazonaws.com,Mint.png ,https://crop-guides-app.s3.ap-south-1.amazonaws.com/Mint.png 
141,India,Poonaikali,https://www.mapmycrop.com/mucuna-pruriens-poonaikali-crop-guideindia-duplicate-7923/,https://crop-guides-app.s3.ap-south-1.amazonaws.com,VelveletBean.png,https://crop-guides-app.s3.ap-south-1.amazonaws.com/VelveletBean.png
142,India,Mulberry,https://www.mapmycrop.com/mulberry-crop-guideindia/,https://crop-guides-app.s3.ap-south-1.amazonaws.com,mulberry.png ,https://crop-guides-app.s3.ap-south-1.amazonaws.com/mulberry.png 
143,India, Jasmine,https://www.mapmycrop.com/mullai-crop-guideindia/,https://crop-guides-app.s3.ap-south-1.amazonaws.com,malligai.png,https://crop-guides-app.s3.ap-south-1.amazonaws.com/malligai.png
144,India,Muskmelon,https://www.mapmycrop.com/muskmelon-crop-guideindia/,https://crop-guides-app.s3.ap-south-1.amazonaws.com,muskmelon.png ,https://crop-guides-app.s3.ap-south-1.amazonaws.com/muskmelon.png 
145,India,Nerium ,https://www.mapmycrop.com/nerium-crop-guideindia/,https://crop-guides-app.s3.ap-south-1.amazonaws.com,Kaner.png,https://crop-guides-app.s3.ap-south-1.amazonaws.com/Kaner.png
146,India,Nutmeg ,https://www.mapmycrop.com/nutmeg-crop-guideindia/,https://crop-guides-app.s3.ap-south-1.amazonaws.com,Nutmeg.png ,https://crop-guides-app.s3.ap-south-1.amazonaws.com/Nutmeg.png 
147,India,clove basil,https://www.mapmycrop.com/ocimum-gratissimum-clocimum-crop-guideindia/,https://crop-guides-app.s3.ap-south-1.amazonaws.com,Clove-Basil.jpg,https://crop-guides-app.s3.ap-south-1.amazonaws.com/Clove-Basil.jpg
148,India,Tulsi,https://www.mapmycrop.com/ocimum-sanctum-tulsi-crop-guideindia/,https://crop-guides-app.s3.ap-south-1.amazonaws.com,Ocimum sanctum Tulsi.png,https://crop-guides-app.s3.ap-south-1.amazonaws.com/Ocimum sanctum Tulsi.png
149,India,Sweet Basil,https://www.mapmycrop.com/ociumum-basilicum-sweet-basil-crop-guideindia/,https://crop-guides-app.s3.ap-south-1.amazonaws.com,Ocimuml.png,https://crop-guides-app.s3.ap-south-1.amazonaws.com/Ocimuml.png
150,India,Palm Oil,https://www.mapmycrop.com/oil-palm-crop-guideindia/,https://crop-guides-app.s3.ap-south-1.amazonaws.com,Oil Palm.png ,https://crop-guides-app.s3.ap-south-1.amazonaws.com/Oil Palm.png 
151,India,Onion-Big Onion,https://www.mapmycrop.com/onion-big-onion-crop-guideindia/,https://crop-guides-app.s3.ap-south-1.amazonaws.com,Onion.png ,https://crop-guides-app.s3.ap-south-1.amazonaws.com/Onion.png 
152,India,Onion-Small Onion,https://www.mapmycrop.com/onion-small-onion-crop-guideindia/,https://crop-guides-app.s3.ap-south-1.amazonaws.com,Onion.png ,https://crop-guides-app.s3.ap-south-1.amazonaws.com/Onion.png 
153,India,Palak,https://www.mapmycrop.com/palak-crop-guideindia/,https://crop-guides-app.s3.ap-south-1.amazonaws.com,Palak.png ,https://crop-guides-app.s3.ap-south-1.amazonaws.com/Palak.png 
154,India,palm rose ,https://www.mapmycrop.com/palmarosa-crop-guideindia/,https://crop-guides-app.s3.ap-south-1.amazonaws.com,Palmarosa.png ,https://crop-guides-app.s3.ap-south-1.amazonaws.com/Palmarosa.png 
155,India,Toddy Plant,https://www.mapmycrop.com/palmyrah-crop-guideindia/,https://crop-guides-app.s3.ap-south-1.amazonaws.com,PAlmyrah.png ,https://crop-guides-app.s3.ap-south-1.amazonaws.com/PAlmyrah.png 
156,India,Papaya ,https://www.mapmycrop.com/papaya-crop-guide/,https://crop-guides-app.s3.ap-south-1.amazonaws.com,Papaya.png ,https://crop-guides-app.s3.ap-south-1.amazonaws.com/Papaya.png 
157,India,Paprika,https://www.mapmycrop.com/paprika-crop-guideindia/,https://crop-guides-app.s3.ap-south-1.amazonaws.com,Paprika.png ,https://crop-guides-app.s3.ap-south-1.amazonaws.com/Paprika.png 
158,India,Passion Fruit ,https://www.mapmycrop.com/passionfruit-crop-guideindia/,https://crop-guides-app.s3.ap-south-1.amazonaws.com,PassionFruit.png,https://crop-guides-app.s3.ap-south-1.amazonaws.com/PassionFruit.png
159,India,Patchouli ,https://www.mapmycrop.com/patchouli-crop-guideindia/,https://crop-guides-app.s3.ap-south-1.amazonaws.com,Patchouli.png ,https://crop-guides-app.s3.ap-south-1.amazonaws.com/Patchouli.png 
160,India,Peach,https://www.mapmycrop.com/peach-crop-guideindia/,https://crop-guides-app.s3.ap-south-1.amazonaws.com,Peach.png ,https://crop-guides-app.s3.ap-south-1.amazonaws.com/Peach.png 
161,India,Pear ,https://www.mapmycrop.com/pear-crop-guideindia/,https://crop-guides-app.s3.ap-south-1.amazonaws.com,Pear.png ,https://crop-guides-app.s3.ap-south-1.amazonaws.com/Pear.png 
162,India,Peas,https://www.mapmycrop.com/peas-crop-guideindia/,https://crop-guides-app.s3.ap-south-1.amazonaws.com,Green-Peas.jpg,https://crop-guides-app.s3.ap-south-1.amazonaws.com/Green-Peas.jpg
163,India,Black Pepper ,https://www.mapmycrop.com/pepper-crop-guideindia/,https://crop-guides-app.s3.ap-south-1.amazonaws.com,PepperBlack.png,https://crop-guides-app.s3.ap-south-1.amazonaws.com/PepperBlack.png
164,India,Periwinkle  ,https://www.mapmycrop.com/periwinkle-crop-guideindia/,https://crop-guides-app.s3.ap-south-1.amazonaws.com,Periwinkle.png ,https://crop-guides-app.s3.ap-south-1.amazonaws.com/Periwinkle.png 
165,India,Persimmon ,https://www.mapmycrop.com/persimmon-crop-guideindia/,https://crop-guides-app.s3.ap-south-1.amazonaws.com,Japanifaal.jpg,https://crop-guides-app.s3.ap-south-1.amazonaws.com/Japanifaal.jpg
166,India,Phalsa ,https://www.mapmycrop.com/phalsa-crop-guideindia/,https://crop-guides-app.s3.ap-south-1.amazonaws.com,Blueberry.jpg,https://crop-guides-app.s3.ap-south-1.amazonaws.com/Blueberry.jpg
167,India,Gale of the wind  ,https://www.mapmycrop.com/phyllanthus-amarus-keezhanelli-crop-guideindia/,https://crop-guides-app.s3.ap-south-1.amazonaws.com,Keezhanelli.jpg,https://crop-guides-app.s3.ap-south-1.amazonaws.com/Keezhanelli.jpg
168,India,Pineapple  ,https://www.mapmycrop.com/pineapple-crop-guideindia/,https://crop-guides-app.s3.ap-south-1.amazonaws.com,Pineapple.png ,https://crop-guides-app.s3.ap-south-1.amazonaws.com/Pineapple.png 
169,India,Piper longum  ,https://www.mapmycrop.com/piper-longum-tippili-crop-guideindia/,https://crop-guides-app.s3.ap-south-1.amazonaws.com,Piperlongum.jpg,https://crop-guides-app.s3.ap-south-1.amazonaws.com/Piperlongum.jpg
170,India,Plantago ovata ,https://www.mapmycrop.com/plantago-ovata-isabgol-crop-guideindia/,https://crop-guides-app.s3.ap-south-1.amazonaws.com,Isabgol.png,https://crop-guides-app.s3.ap-south-1.amazonaws.com/Isabgol.png
171,India,Plum ,https://www.mapmycrop.com/plum-crop-guideindia/,https://crop-guides-app.s3.ap-south-1.amazonaws.com,Plum.png,https://crop-guides-app.s3.ap-south-1.amazonaws.com/Plum.png
172,India,Pomegranate ,https://www.mapmycrop.com/pomegranate-crop-guide/,https://crop-guides-app.s3.ap-south-1.amazonaws.com,Pomegranate.png,https://crop-guides-app.s3.ap-south-1.amazonaws.com/Pomegranate.png
173,India,Potato ,https://www.mapmycrop.com/potato-crop-guideindia/,https://crop-guides-app.s3.ap-south-1.amazonaws.com,Potato(2).png,https://crop-guides-app.s3.ap-south-1.amazonaws.com/Potato(2).png
174,India,Pumpkin ,https://www.mapmycrop.com/pumpkin-crop-guideindia/,https://crop-guides-app.s3.ap-south-1.amazonaws.com,Pumpkin.png,https://crop-guides-app.s3.ap-south-1.amazonaws.com/Pumpkin.png
175,India,Radish ,https://www.mapmycrop.com/radish-crop-guideindia/,https://crop-guides-app.s3.ap-south-1.amazonaws.com,Raddish.png,https://crop-guides-app.s3.ap-south-1.amazonaws.com/Raddish.png
176,India,Rambutan,https://www.mapmycrop.com/rambutan-crop-guideindia/,https://crop-guides-app.s3.ap-south-1.amazonaws.com,Rambutan.jpg,https://crop-guides-app.s3.ap-south-1.amazonaws.com/Rambutan.jpg
177,India,Indian snakeroot ,https://www.mapmycrop.com/rauwolfia-serpentine-sarpaganda-crop-guideindia/,https://crop-guides-app.s3.ap-south-1.amazonaws.com,Sarpagandha.jpg,https://crop-guides-app.s3.ap-south-1.amazonaws.com/Sarpagandha.jpg
178,India,Rhubarb,https://www.mapmycrop.com/rhubarb-crop-guideindia/,https://crop-guides-app.s3.ap-south-1.amazonaws.com,rhubard.jpg,https://crop-guides-app.s3.ap-south-1.amazonaws.com/rhubard.jpg
179,India,Ribbed Gourd ,https://www.mapmycrop.com/bottle-gourd-crop-guideindia/,https://crop-guides-app.s3.ap-south-1.amazonaws.com,Ribbedgourd.png ,https://crop-guides-app.s3.ap-south-1.amazonaws.com/Ribbedgourd.png 
180,India,Rose,https://www.mapmycrop.com/rose-crop-guideindia/,https://crop-guides-app.s3.ap-south-1.amazonaws.com,Rose.png ,https://crop-guides-app.s3.ap-south-1.amazonaws.com/Rose.png 
181,India,Rosemary ,https://www.mapmycrop.com/rosmarinus-officinalis-rosemary-crop-guideindia/,https://crop-guides-app.s3.ap-south-1.amazonaws.com,Rosemary.png ,https://crop-guides-app.s3.ap-south-1.amazonaws.com/Rosemary.png 
182,India,Rubber Tree,https://www.mapmycrop.com/rubber-crop-guideindia/,https://crop-guides-app.s3.ap-south-1.amazonaws.com,Rubber.png ,https://crop-guides-app.s3.ap-south-1.amazonaws.com/Rubber.png 
183,India,Tej patta ,https://www.mapmycrop.com/salvia-officinalis-sage-crop-guideindia/,https://crop-guides-app.s3.ap-south-1.amazonaws.com,Tejpatta.jpg,https://crop-guides-app.s3.ap-south-1.amazonaws.com/Tejpatta.jpg
184,India,Sapodilla ,https://www.mapmycrop.com/pineapple-crop-guide-2/,https://crop-guides-app.s3.ap-south-1.amazonaws.com,Sapota.png ,https://crop-guides-app.s3.ap-south-1.amazonaws.com/Sapota.png 
185,India,Senna,https://www.mapmycrop.com/senna-crop-guideindia/,https://crop-guides-app.s3.ap-south-1.amazonaws.com,Senna.png ,https://crop-guides-app.s3.ap-south-1.amazonaws.com/Senna.png 
186,India,Snake Gourd ,https://www.mapmycrop.com/snake-gourd-crop-guideindia/,https://crop-guides-app.s3.ap-south-1.amazonaws.com,SnakeGourd.png,https://crop-guides-app.s3.ap-south-1.amazonaws.com/SnakeGourd.png
187,India,Black nightshade  ,https://www.mapmycrop.com/solanum-nigrum-manathakkali-crop-guideindia/,https://crop-guides-app.s3.ap-south-1.amazonaws.com,NightShade.jpg,https://crop-guides-app.s3.ap-south-1.amazonaws.com/NightShade.jpg
188,India,Sorghum ,https://www.mapmycrop.com/sorghum-crop-guide/,https://crop-guides-app.s3.ap-south-1.amazonaws.com,Sorghum.png,https://crop-guides-app.s3.ap-south-1.amazonaws.com/Sorghum.png
189,India,Sweet leaf ,https://www.mapmycrop.com/stevia-rebudiana-herbal-spices-crop-guideindia/,https://crop-guides-app.s3.ap-south-1.amazonaws.com,Steviarebuldiana.png,https://crop-guides-app.s3.ap-south-1.amazonaws.com/Steviarebuldiana.png
190,India,Strawberry,https://www.mapmycrop.com/strawberry-crop-guideindia/,https://crop-guides-app.s3.ap-south-1.amazonaws.com,Strawberry.png ,https://crop-guides-app.s3.ap-south-1.amazonaws.com/Strawberry.png 
191,India,Sweet Orange ,https://www.mapmycrop.com/sweet-orange/,https://crop-guides-app.s3.ap-south-1.amazonaws.com,Orange.png,https://crop-guides-app.s3.ap-south-1.amazonaws.com/Orange.png
192,India,Sweet potato,https://www.mapmycrop.com/sweetpotato-crop-guideindia/,https://crop-guides-app.s3.ap-south-1.amazonaws.com,Sweetpotato.png,https://crop-guides-app.s3.ap-south-1.amazonaws.com/Sweetpotato.png
193,India,Swertia chirayita,https://www.mapmycrop.com/swertia-chirayita-crop-guideindia/,https://crop-guides-app.s3.ap-south-1.amazonaws.com,Swertiachairaytia.jpg,https://crop-guides-app.s3.ap-south-1.amazonaws.com/Swertiachairaytia.jpg
194,India,Tamarind,https://www.mapmycrop.com/tamarind-crop-guideindia/,https://crop-guides-app.s3.ap-south-1.amazonaws.com,Tamarind.png ,https://crop-guides-app.s3.ap-south-1.amazonaws.com/Tamarind.png 
195,India,Tapioca ,https://www.mapmycrop.com/tapioca-crop-guideindia/,https://crop-guides-app.s3.ap-south-1.amazonaws.com,Tapioca.png,https://crop-guides-app.s3.ap-south-1.amazonaws.com/Tapioca.png
196,India,Taro ,https://www.mapmycrop.com/taro-crop-guideindia/,https://crop-guides-app.s3.ap-south-1.amazonaws.com,Taro.png,https://crop-guides-app.s3.ap-south-1.amazonaws.com/Taro.png
197,India,Tea Plant,https://www.mapmycrop.com/tea-crop-guideindia/,https://crop-guides-app.s3.ap-south-1.amazonaws.com,Tea.png ,https://crop-guides-app.s3.ap-south-1.amazonaws.com/Tea.png 
198,India,Thyme ,https://www.mapmycrop.com/thymus-vulgaris-thyme-crop-guideindia/,https://crop-guides-app.s3.ap-south-1.amazonaws.com,Thyme.png ,https://crop-guides-app.s3.ap-south-1.amazonaws.com/Thyme.png 
199,India,Tomato,https://www.mapmycrop.com/tomato-crop-guideindia/,https://crop-guides-app.s3.ap-south-1.amazonaws.com,Tomato.png ,https://crop-guides-app.s3.ap-south-1.amazonaws.com/Tomato.png 
200,India, Nishigandha,https://www.mapmycrop.com/tuberose-crop-guideindia/,https://crop-guides-app.s3.ap-south-1.amazonaws.com,TUberose.png ,https://crop-guides-app.s3.ap-south-1.amazonaws.com/TUberose.png 
201,India,Turmeric,https://www.mapmycrop.com/turmeric-crop-guideindia/,https://crop-guides-app.s3.ap-south-1.amazonaws.com,Turmeric.png,https://crop-guides-app.s3.ap-south-1.amazonaws.com/Turmeric.png
202,India,Turnip ,https://www.mapmycrop.com/turnip-crop-guideindia/,https://crop-guides-app.s3.ap-south-1.amazonaws.com,turnipgreens.png,https://crop-guides-app.s3.ap-south-1.amazonaws.com/turnipgreens.png
203,India,VANILLA ,https://www.mapmycrop.com/vanilla-crop-guideindia/,https://crop-guides-app.s3.ap-south-1.amazonaws.com,Vanilla.jpg,https://crop-guides-app.s3.ap-south-1.amazonaws.com/Vanilla.jpg
204,India,Vegetable Cowpea,https://www.mapmycrop.com/vegetable-cowpea-crop-guideindia/,https://crop-guides-app.s3.ap-south-1.amazonaws.com,Vegetable-Cowpea.jpg,https://crop-guides-app.s3.ap-south-1.amazonaws.com/Vegetable-Cowpea.jpg
205,India,Watermelon,https://www.mapmycrop.com/watermelon-crop-guideindia/,https://crop-guides-app.s3.ap-south-1.amazonaws.com,Watermelon.jpg,https://crop-guides-app.s3.ap-south-1.amazonaws.com/Watermelon.jpg
206,India,West Indian Cherry ,https://www.mapmycrop.com/west-indian-cherry-crop-guideindia-2/,https://crop-guides-app.s3.ap-south-1.amazonaws.com,West-India-Cherries.jpg,https://crop-guides-app.s3.ap-south-1.amazonaws.com/West-India-Cherries.jpg
207,India,Winged Bean ,https://www.mapmycrop.com/winged-bean-crop-guideindia/,https://crop-guides-app.s3.ap-south-1.amazonaws.com,Winged-Beans.jpg,https://crop-guides-app.s3.ap-south-1.amazonaws.com/Winged-Beans.jpg
208,India,Aswagantha,https://www.mapmycrop.com/mint-crop-guideindia-2/,https://crop-guides-app.s3.ap-south-1.amazonaws.com,Withania-Somnifera.jpg,https://crop-guides-app.s3.ap-south-1.amazonaws.com/Withania-Somnifera.jpg
